FID,START_X,START_Y,END_X,END_Y
1,269.611206,152.05243,356.9240112,310.14123

