FID,START_X,START_Y,END_X,END_Y
1,347.171875,374.04999,640.5881958,253.099610001
