FID,START_X,START_Y,END_X,END_Y
1,557.0404663,285.006410001,600.6968994,325.48761
2,418.5308838,229.04681,312.961914,93.3154300004
3,597.125,378.90722,533.6248169,295.960200001
4,340.5723877,320.70019,367.5598755,286.304380001
5,47.0361938,181.425410001,53.7556152,306.85541
