FID,START_X,START_Y,END_X,END_Y
1,557.0404663,285.006410001,600.6968994,325.48761
