FID,START_X,START_Y,END_X,END_Y
1,402.2589111,283.41882,366.1433105,226.66559
