FID,START_X,START_Y,END_X,END_Y
1,402.2589111,283.41882,366.1433105,226.66559
2,198.237915,222.724420001,175.1561889,597.603030001
3,534.4185791,407.482240001,467.3466186,315.803830001
4,0,333.73321,441.2443847,0
5,461.4027099,253.099610001,530.8370971,134.38922
